{"cameraMode":{"drawMode":0,"name":"Shaded","section":"Shading Mode"},"sceneLighting":false,"audioPlay":false,"sceneViewState":{"m_AlwaysRefresh":false,"showFog":true,"showSkybox":false,"showFlares":true,"showImageEffects":true,"showParticleSystems":true,"showVisualEffectGraphs":true,"m_FxEnabled":true},"in2DMode":false,"pivot":{"x":-0.1476362943649292,"y":0.7141001224517822,"z":-7.148384094238281},"rotation":{"x":0.00095297337975353,"y":0.9800944328308106,"z":-0.19848062098026277,"w":0.004705258645117283},"size":1.0428719520568848,"orthographic":false}