{"cameraMode":{"drawMode":0,"name":"Shaded","section":"Shading Mode"},"sceneLighting":false,"audioPlay":false,"sceneViewState":{"m_AlwaysRefresh":true,"showFog":true,"showSkybox":false,"showFlares":true,"showImageEffects":true,"showParticleSystems":true,"showVisualEffectGraphs":true,"m_FxEnabled":true},"in2DMode":false,"pivot":{"x":-0.011454170569777489,"y":0.5176790952682495,"z":0.2882387638092041},"rotation":{"x":-0.20104308426380158,"y":0.6577511429786682,"z":-0.1886495053768158,"w":-0.7009757161140442},"size":2.2411844730377199,"orthographic":false}